DATE,OPEN,HIGH,LOW,PREV. CLOSE,LTP,CLOSE,VWAP,52W H,52W L,VOLUME,VALUE,NO OF TRADES
2024-01-05,645.0,651.75,637.75,642.75,641.45,641.95,645.02,660.4,499.35,15984585,10310453920.0,272662
2024-01-04,642.5,646.4,638.65,643.45,643.6,642.75,642.95,660.4,499.35,13883388,8926355539.75,271568
2024-01-03,639.35,648.0,635.8,639.45,644.5,643.45,643.21,660.4,499.35,14571772,9372732858.9,252225
2024-01-02,641.35,648.0,633.85,641.35,639.2,639.45,640.47,660.4,499.35,15164482,9712346967.95,249803
2024-01-01,642.2,646.9,638.0,642.05,638.1,641.35,643.93,660.4,499.35,8295548,5341716373.3,257804
2023-12-29,645.5,649.6,639.55,651.4,641.7,642.05,642.49,660.4,499.35,13221898,8494932618.15,332467
2023-12-28,650.25,653.3,646.5,648.55,649.3,651.4,650.46,660.4,499.35,16982092,11046112701.5,301058
2023-12-27,640.75,649.45,639.0,638.05,648.65,648.55,645.18,660.4,499.35,14417646,9301972173.2,295473
2023-12-26,638.85,641.3,635.65,636.75,638.5,638.05,639.19,660.4,499.35,10153089,6489768989.95,298625
2023-12-22,644.75,649.4,635.15,643.75,637.2,636.75,642.31,660.4,499.35,14998068,9633365890.05,307210
2023-12-21,632.15,648.95,627.5,636.45,644.0,643.75,639.02,660.4,499.35,19915516,12726451072.85,347188
2023-12-20,658.7,660.4,633.95,655.4,634.55,636.45,647.91,660.4,499.35,22542056,14605196613.65,419233
2023-12-19,648.5,659.6,640.25,648.5,656.0,655.4,652.88,659.6,499.35,19964008,13034125974.85,384049
2023-12-18,646.65,655.65,642.4,648.25,647.6,648.5,650.04,655.65,499.35,16221796,10544832650.95,347590
2023-12-15,628.0,650.0,619.85,623.65,648.3,648.25,638.08,650.0,499.35,29813572,19023430389.9,433979
2023-12-14,626.0,627.75,622.4,619.85,623.65,623.65,624.37,629.55,499.35,15813797,9873663687.1,336921
2023-12-13,614.45,620.5,611.65,612.4,619.0,619.85,616.9,629.55,499.35,13977914,8622977354.1,279821
2023-12-12,617.0,617.95,610.8,614.25,612.05,612.4,613.75,629.55,499.35,14494836,8896194867.15,282774
2023-12-11,615.0,619.9,613.1,614.15,614.2,614.25,615.99,629.55,499.35,11706255,7210878840.8,285158
2023-12-08,610.0,616.8,605.35,611.7,614.5,614.15,610.67,629.55,499.35,17722136,10822316306.2,294891
2023-12-07,610.0,612.55,605.0,608.45,611.5,611.7,609.73,629.55,499.35,10725706,6539746289.5,248309
2023-12-06,614.0,614.0,604.55,608.25,607.7,608.45,609.96,629.55,499.35,21439069,13076949822.2,273409
2023-12-05,595.05,611.3,595.05,594.7,608.25,608.25,606.37,629.55,499.35,36430152,22090196336.45,432396
2023-12-04,588.0,596.0,584.55,571.75,595.9,594.7,590.28,629.55,499.35,26077882,15393175008.05,386859
2023-12-01,567.0,574.2,566.55,564.75,571.85,571.75,571.83,629.55,499.35,10614230,6069542121.05,189868
2023-11-30,569.75,570.2,563.65,568.6,565.15,564.75,566.22,629.55,499.35,19758998,11187929536.5,314822
2023-11-29,568.0,569.0,565.1,564.45,568.35,568.6,567.58,629.55,499.35,10299034,5845506569.15,206929
2023-11-28,563.6,565.2,561.1,560.35,564.8,564.45,563.42,629.55,499.35,8153314,4593727819.7,186090
2023-11-24,561.95,562.45,559.25,559.95,560.7,560.35,560.63,629.55,499.35,6529851,3660804948.55,155259
2023-11-23,561.75,563.5,558.3,558.95,560.5,559.95,560.72,629.55,499.35,6376210,3575282774.35,198344
2023-11-22,562.95,564.5,555.15,561.5,559.5,558.95,559.0,629.55,499.35,14909071,8334245035.5,247815
2023-11-21,566.0,566.65,561.0,563.75,561.4,561.5,563.11,629.55,499.35,14280013,8041232058.75,223495
2023-11-20,564.0,566.8,560.6,563.05,563.5,563.75,564.68,629.55,499.35,12714585,7179613743.45,264832
2023-11-17,574.5,574.5,562.1,584.65,562.9,563.05,566.16,629.55,499.35,37173221,21045979976.3,682644
2023-11-16,584.7,588.0,582.9,584.7,584.1,584.65,585.4,629.55,499.35,8622660,5047671165.75,179964
2023-11-15,587.25,588.0,582.6,581.35,584.0,584.7,584.93,629.55,499.35,11397676,6666856921.25,221182
2023-11-13,581.0,582.5,575.2,581.3,581.3,581.35,578.71,629.55,499.35,11282362,6529178380.05,177978
2023-11-12,584.75,584.75,580.1,579.5,580.85,581.3,581.85,629.55,499.35,1947722,1133273076.55,53935
2023-11-10,577.8,581.0,575.4,578.35,580.25,579.5,578.7,629.55,499.35,6773038,3919567928.9,119792
2023-11-09,581.0,581.85,576.5,580.3,577.6,578.35,578.27,629.55,499.35,12434363,7190409015.15,167584
2023-11-08,581.9,582.6,579.0,579.75,580.4,580.3,580.52,629.55,499.35,15434808,8960148835.65,391419
2023-11-07,574.8,581.2,572.6,574.35,580.35,579.75,577.36,629.55,499.35,17923281,10348172706.1,466280
2023-11-06,582.0,582.5,573.25,578.15,573.95,574.35,575.7,629.55,499.35,16499138,9498482029.95,330138
2023-11-03,576.0,579.5,573.45,572.1,579.15,578.15,577.35,629.55,499.35,11371371,6565279355.45,205720
2023-11-02,571.1,575.45,567.6,566.4,572.0,572.1,571.18,629.55,499.35,11148516,6367849377.0,212716
2023-11-01,566.25,569.65,563.85,565.55,567.3,566.4,567.16,629.55,499.35,13575575,7699515897.65,240220
2023-10-31,567.0,569.5,563.15,565.2,565.95,565.55,566.37,629.55,499.35,13039696,7385312631.25,236664
2023-10-30,563.0,566.7,556.5,561.15,566.2,565.2,562.29,629.55,499.35,8593704,4832188898.35,191150
2023-10-27,550.0,562.5,550.0,547.0,561.7,561.15,558.49,629.55,499.35,10415296,5816877868.95,210599
2023-10-26,551.45,552.9,543.2,556.2,547.0,547.0,547.27,629.55,499.35,19424825,10630651336.6,317445
2023-10-25,558.6,560.8,553.6,552.95,556.6,556.2,557.67,629.55,499.35,12134624,6767161161.25,262171
2023-10-23,563.1,566.0,551.0,563.1,552.4,552.95,559.35,629.55,499.35,11875035,6642319960.75,263251
2023-10-20,569.9,570.0,562.1,571.2,562.8,563.1,565.15,629.55,499.35,11110988,6279375187.5,282726
2023-10-19,569.8,574.0,567.0,572.65,571.3,571.2,570.92,629.55,499.35,11441499,6532150778.6,239777
2023-10-18,577.75,579.25,569.35,576.45,572.75,572.65,573.26,629.55,499.35,11777454,6751531244.1,270057
2023-10-17,577.7,579.95,575.3,575.65,576.7,576.45,577.46,629.55,499.35,10765224,6216466935.7,269728
2023-10-16,576.0,578.75,571.5,576.15,575.5,575.65,576.02,629.55,499.35,11290293,6503388837.6,485503
2023-10-13,577.75,581.3,574.8,586.05,576.2,576.15,577.07,629.55,499.35,19064577,11001625403.05,465129
2023-10-12,590.8,593.0,585.0,588.35,585.6,586.05,588.33,629.55,499.35,11983797,7050377951.75,171954
2023-10-11,596.9,597.0,587.6,591.65,588.9,588.35,591.39,629.55,499.35,14220119,8409571970.95,209131
2023-10-10,587.0,595.0,585.75,585.1,591.2,591.65,590.68,629.55,499.35,10373508,6127406833.2,250192
2023-10-09,588.0,589.0,581.55,594.25,584.55,585.1,584.53,629.55,499.35,9189597,5371608921.2,235554
2023-10-06,593.4,598.95,592.2,592.15,594.0,594.25,595.04,629.55,499.35,8216780,4889295417.95,187684
2023-10-05,590.0,594.35,587.1,586.25,592.0,592.15,591.18,629.55,499.35,13248028,7832000311.45,209600
2023-10-04,600.0,600.45,584.45,602.95,585.2,586.25,590.41,629.55,499.35,24914612,14709773963.6,308578
2023-10-03,596.6,604.9,589.6,598.55,603.1,602.95,597.63,629.55,499.35,15322196,9156985818.05,245784
2023-09-29,592.85,600.0,591.3,589.95,598.3,598.55,597.22,629.55,499.35,12189735,7279947317.4,224164
2023-09-28,591.25,595.2,588.85,589.75,590.5,589.95,591.37,629.55,499.35,21960816,12986961371.85,287488
2023-09-27,593.45,594.3,588.2,594.4,590.0,589.75,590.74,629.55,499.35,9865347,5827826886.25,232626
2023-09-26,594.0,595.0,591.25,594.05,594.45,594.4,593.8,629.55,499.35,8327427,4944809375.45,185873
2023-09-25,601.5,601.5,590.45,598.15,593.95,594.05,594.79,629.55,499.35,9712784,5777109828.2,262285
2023-09-22,593.5,602.0,591.4,588.15,598.7,598.15,598.12,629.55,499.35,18784139,11235213845.05,295166
2023-09-21,600.0,606.6,584.65,601.1,587.9,588.15,593.29,629.55,499.35,23453425,13914625160.45,425490
2023-09-20,600.85,606.8,599.4,603.95,601.0,601.1,602.78,629.55,499.35,21314600,12848060287.55,351772
2023-09-18,598.8,608.4,597.05,598.8,603.0,603.95,605.18,629.55,499.35,19305055,11683085228.8,336027
2023-09-15,599.35,600.7,595.2,597.3,598.05,598.8,598.23,629.55,499.35,11756389,7033062065.15,182595
2023-09-14,598.45,603.7,595.2,596.45,596.6,597.3,598.77,629.55,499.35,13178911,7891138917.75,260528
2023-09-13,588.4,598.0,583.45,588.35,596.35,596.45,592.24,629.55,499.35,19377172,11475963581.8,279643
2023-09-12,593.65,594.25,584.65,591.7,587.6,588.35,588.44,629.55,499.35,16093060,9469853287.9,254109
2023-09-11,587.0,592.3,585.35,583.45,591.25,591.7,590.12,629.55,499.35,10946134,6459550843.3,271751
2023-09-08,581.0,588.5,579.7,579.05,583.4,583.45,584.57,629.55,499.35,14032068,8202779359.95,205241
2023-09-07,568.0,581.0,568.0,570.5,580.6,579.05,575.6,629.55,499.35,12390597,7132078107.95,180550
2023-09-06,574.25,574.25,568.0,573.0,570.95,570.5,570.55,629.55,499.35,20609936,11759100652.1,337013
2023-09-05,575.6,578.25,571.35,575.55,572.95,573.0,574.05,629.55,499.35,14444729,8292019922.2,247672
2023-09-04,572.0,576.35,568.45,569.55,575.6,575.55,572.87,629.55,499.35,12108655,6936698350.4,195524
2023-09-01,562.7,571.2,562.1,561.35,569.5,569.55,567.55,629.55,499.35,18121168,10284701912.55,260408
2023-08-31,569.3,570.3,559.4,567.4,562.15,561.35,564.43,629.55,499.35,27898476,15746686711.25,326854
2023-08-30,576.7,577.7,566.1,574.85,567.5,567.4,571.91,629.55,499.35,15281416,8739616795.9,245036
2023-08-29,573.65,576.3,571.85,572.85,575.25,574.85,574.01,629.55,499.35,13144855,7545323890.4,232951
2023-08-28,572.8,574.8,569.2,569.95,573.1,572.85,571.84,629.55,499.35,9711932,5553705392.9,181649
2023-08-25,573.8,575.3,567.2,576.95,569.7,569.95,571.2,629.55,499.35,12271885,7009692537.0,198589
2023-08-24,578.15,582.0,575.55,576.9,577.0,576.95,578.0,629.55,499.35,24131644,13948078521.65,321952
2023-08-23,571.0,577.95,566.0,568.5,576.3,576.9,572.66,629.55,499.35,18579297,10639620981.45,260827
2023-08-22,572.5,574.45,567.5,571.7,568.2,568.5,570.63,629.55,499.35,14073413,8030760756.35,194890
2023-08-21,572.95,575.55,570.75,572.95,571.3,571.7,572.74,629.55,499.35,9380810,5372733325.4,154325
2023-08-18,570.0,575.25,567.4,572.15,571.15,572.95,571.79,629.55,499.35,18253227,10437030633.7,296911
2023-08-17,565.75,573.15,564.0,565.35,571.75,572.15,568.81,629.55,499.35,27910162,15875489835.2,338178
2023-08-16,558.8,566.4,554.0,560.8,565.05,565.35,563.54,629.55,499.35,15725767,8862034153.75,190829
2023-08-14,572.95,573.0,558.6,574.15,561.0,560.8,561.45,629.55,499.35,28084093,15767694753.0,478707
2023-08-11,575.45,579.0,572.0,573.65,574.5,574.15,575.36,629.55,499.35,18221179,10483783178.0,263372
2023-08-10,573.75,577.6,570.1,573.75,574.0,573.65,573.33,629.55,499.35,27325801,15666566522.25,421225
2023-08-09,575.0,575.0,568.35,573.1,573.65,573.75,571.15,629.55,499.35,15769111,9006504554.1,247711
2023-08-08,571.0,574.25,568.45,567.9,573.7,573.1,571.54,629.55,499.35,25038671,14310553091.45,353947
2023-08-07,577.0,577.0,566.65,573.3,568.35,567.9,569.52,629.55,499.35,32736325,18643967967.55,424649
2023-08-04,594.8,598.7,571.4,590.5,573.2,573.3,582.94,629.55,499.35,52725616,30735973949.65,568761
2023-08-03,598.7,600.85,585.0,598.45,591.25,590.5,590.78,629.55,499.35,27774877,16408864220.8,320867
2023-08-02,609.85,610.5,594.1,611.85,598.8,598.45,601.63,629.55,499.35,14977497,9010947970.4,273820
2023-08-01,620.2,620.85,610.6,620.2,612.4,611.85,614.09,629.55,499.35,13493453,8286225481.95,199918
2023-07-31,616.65,621.0,614.5,616.05,619.0,620.2,618.92,629.55,499.35,8605483,5326128162.15,124305
2023-07-28,616.4,619.9,613.6,616.55,616.0,616.05,616.59,629.55,499.35,11930586,7356236982.1,161432
2023-07-27,616.4,621.25,613.1,615.15,617.0,616.55,616.65,629.55,499.35,17444742,10757320781.55,226610
2023-07-26,612.0,616.35,609.15,609.6,614.4,615.15,613.49,629.55,499.35,9999125,6134401476.75,172572
2023-07-25,621.8,621.8,604.2,617.65,609.9,609.6,610.43,629.55,499.35,18503305,11294899424.1,282970
2023-07-24,615.05,621.9,614.3,615.1,617.9,617.65,618.22,629.55,499.35,11756364,7268033560.6,202347
2023-07-21,610.0,619.5,609.0,610.05,615.35,615.1,616.02,629.55,482.1,21040281,12961208006.4,278392
2023-07-20,601.4,610.8,598.75,601.45,610.0,610.05,607.09,629.55,482.1,34038351,20664179322.85,418329
2023-07-19,594.65,602.4,592.0,592.35,600.85,601.45,598.2,629.55,482.1,17556585,10502435041.0,229380
2023-07-18,603.05,604.05,588.75,601.1,592.5,592.35,597.04,629.55,482.1,25757209,15378020448.05,356474
2023-07-17,587.0,602.85,584.2,584.4,602.0,601.1,594.72,629.55,482.1,19378986,11525151182.85,255411
2023-07-14,586.75,591.3,580.7,585.65,584.85,584.4,584.92,629.55,474.7,12190152,7130226704.3,191652
2023-07-13,594.9,598.0,583.35,589.25,586.0,585.65,591.82,629.55,474.7,20024503,11850804940.95,292405
2023-07-12,589.0,594.5,588.2,588.55,589.6,589.25,590.82,629.55,474.7,16029716,9470654030.5,227576
2023-07-11,595.0,595.95,587.35,592.6,589.35,588.55,591.37,629.55,474.7,13221177,7818663062.75,224137
2023-07-10,594.65,599.8,590.25,593.6,591.6,592.6,595.13,629.55,474.7,11417363,6794859601.0,175959
2023-07-07,590.0,595.5,585.5,592.5,592.5,593.6,590.44,629.55,466.85,11707209,6912413770.85,220036
2023-07-06,590.4,593.5,589.1,590.6,592.25,592.5,591.75,629.55,466.85,11323509,6700679504.1,188528
2023-07-05,589.8,593.7,588.2,589.25,591.25,590.6,590.5,629.55,466.85,13598114,8029706202.95,271617
2023-07-04,588.2,595.95,582.25,585.45,588.9,589.25,590.37,629.55,466.85,24799250,14640854129.2,350400
2023-07-03,574.5,586.35,573.9,572.85,585.4,585.45,581.26,629.55,466.85,15421985,8964144325.9,211446
2023-06-30,574.0,574.0,570.2,569.8,572.35,572.85,572.3,629.55,458.0,8718232,4989442645.4,155913
2023-06-28,572.25,574.0,568.55,566.1,571.0,569.8,571.17,629.55,458.0,18028934,10297658917.65,243601
2023-06-27,558.25,567.95,555.65,557.05,567.3,566.1,560.63,629.55,458.0,10694768,5995785528.2,211284
2023-06-26,556.0,558.5,554.5,554.6,557.35,557.05,556.75,629.55,458.0,8360264,4654618050.3,164198
2023-06-23,562.0,562.1,553.8,562.95,555.45,554.6,556.89,629.55,430.7,12215712,6802803838.55,218058
2023-06-22,566.35,569.0,561.05,566.35,562.9,562.95,564.62,629.55,430.7,14979063,8457457302.25,199200
2023-06-21,567.4,569.5,565.65,567.4,566.3,566.35,567.46,629.55,430.7,14946871,8481784144.45,219147
2023-06-20,568.85,569.45,562.55,568.85,568.0,567.4,565.75,629.55,430.7,14549152,8231166324.45,216416
2023-06-19,571.25,572.75,565.9,571.25,569.2,568.85,568.29,629.55,430.7,17903691,10174491934.45,213062
2023-06-16,568.75,574.7,567.05,566.5,570.0,571.25,570.69,629.55,430.7,12660226,7225083719.5,178755
2023-06-15,576.0,576.7,565.25,576.55,566.75,566.5,571.49,629.55,430.7,17934877,10249589135.9,232221
2023-06-14,577.0,578.55,575.25,576.4,576.35,576.55,576.96,629.55,430.7,8948696,5163047228.7,122388
2023-06-13,579.45,581.4,574.25,578.65,576.35,576.4,576.44,629.55,430.7,12612098,7270079551.55,198530
2023-06-12,580.0,581.5,577.7,578.7,578.55,578.65,579.37,629.55,430.7,8786066,5090356083.85,129364
2023-06-09,588.0,589.1,576.75,588.5,578.8,578.7,580.81,629.55,430.7,18870272,10960050604.8,253490
2023-06-08,589.95,593.95,586.35,589.2,588.0,588.5,591.21,629.55,430.7,15971917,9442724430.85,140988
2023-06-07,588.0,590.6,586.0,585.35,588.8,589.2,588.49,629.55,430.7,11113781,6540371617.5,170307
2023-06-06,588.0,588.9,583.0,587.2,586.0,585.35,585.23,629.55,430.7,11199940,6554543425.95,140444
2023-06-05,588.5,589.8,586.0,587.2,587.0,587.2,587.86,629.55,430.7,12920507,7595473740.25,143514
2023-06-02,584.7,588.9,583.0,582.75,586.6,587.2,586.45,629.55,430.7,11323908,6640901519.45,157397
2023-06-01,581.8,586.4,581.0,579.85,583.05,582.75,584.03,629.55,430.7,17820226,10407510474.15,170662
2023-05-31,583.8,584.8,577.5,592.8,581.0,579.85,581.09,629.55,430.7,28797643,16733958686.45,209733
2023-05-30,595.0,595.5,591.5,595.0,592.95,592.8,593.57,629.55,430.7,15031640,8922277742.6,156739
2023-05-29,590.0,596.4,588.05,586.0,594.6,595.0,593.5,629.55,430.7,18432231,10939616927.3,323484
2023-05-26,581.25,587.75,580.55,581.25,585.75,586.0,585.13,629.55,430.7,9788076,5727306518.3,117540
2023-05-25,582.0,582.9,577.0,582.7,580.7,581.25,580.06,629.55,430.7,16479436,9559118791.75,151117
2023-05-24,579.8,585.25,578.25,581.6,582.0,582.7,583.06,629.55,430.7,17616658,10271655251.5,158808
2023-05-23,578.9,583.7,576.8,577.15,580.3,581.6,580.66,629.55,430.7,16120548,9360557915.4,154666
2023-05-22,577.5,580.3,573.45,575.15,576.55,577.15,577.12,629.55,430.7,21484049,12398869154.95,205172
2023-05-19,579.0,586.25,569.9,574.2,575.65,575.15,576.07,629.55,430.7,42293962,24364273546.75,351340
2023-05-18,590.3,593.9,571.4,586.3,576.35,574.2,583.0,629.55,430.7,45656620,26617635078.25,403645
2023-05-17,586.0,590.5,579.5,586.3,587.2,586.3,584.82,629.55,430.7,23739774,13883395488.5,251054
2023-05-16,584.0,590.4,582.0,581.9,585.95,586.3,586.03,629.55,430.7,22178229,12997134028.5,233142
2023-05-15,578.75,584.0,574.65,578.15,582.05,581.9,581.35,629.55,430.7,11410243,6633367008.5,176477
2023-05-12,574.7,580.75,571.55,573.45,578.1,578.15,576.81,629.55,430.7,11319335,6529101795.5,148890
2023-05-11,572.2,580.0,572.0,572.2,573.7,573.45,574.59,629.55,430.7,16016715,9203123584.55,183896
2023-05-10,575.0,575.0,563.25,573.5,572.15,572.2,568.87,629.55,430.7,18561315,10559052709.1,223302
2023-05-09,585.0,586.45,572.1,583.6,573.7,573.5,576.83,629.55,430.7,18959065,10936167606.4,247801
2023-05-08,577.65,587.6,577.35,576.5,584.6,583.6,582.04,629.55,430.7,12990869,7561157898.55,159186
2023-05-05,580.2,588.25,575.05,580.0,576.45,576.5,582.81,629.55,430.7,18163461,10585937155.0,182941
2023-05-04,570.2,580.8,568.5,570.5,579.45,580.0,576.93,629.55,430.7,12533761,7231105959.65,155082
2023-05-03,570.65,575.0,569.0,575.3,569.9,570.5,572.27,629.55,430.7,9699527,5550786227.05,151234
2023-05-02,580.0,580.85,573.15,578.3,574.4,575.3,577.47,629.55,430.7,13667511,7892586303.3,272846
2023-04-28,567.8,580.45,565.5,564.75,576.1,578.3,572.14,629.55,430.7,16183423,9259124491.9,172070
2023-04-27,565.0,567.4,561.1,566.35,564.45,564.75,564.04,629.55,430.7,17845169,10065343831.2,213129
2023-04-26,562.0,567.0,556.45,561.8,567.0,566.35,562.67,629.55,430.7,23143882,13022469078.5,195651
2023-04-25,555.0,567.9,555.0,554.6,561.35,561.8,562.34,629.55,430.7,38142390,21448999021.65,250488
2023-04-24,543.8,555.55,543.5,543.15,553.8,554.6,550.47,629.55,430.7,23335611,12845592513.85,210456
2023-04-21,545.0,546.4,539.7,544.8,542.3,543.15,542.35,629.55,430.7,22599418,12256795887.05,188920
2023-04-20,541.2,545.45,536.65,540.3,544.35,544.8,541.56,629.55,430.7,25588577,13857634831.9,146793
2023-04-19,544.0,547.5,538.25,545.85,539.4,540.3,543.32,629.55,430.7,21156372,11494763710.95,142208
2023-04-18,545.35,548.5,540.5,544.0,545.25,545.85,545.32,629.55,430.7,22283456,12151654395.5,218269
2023-04-17,528.0,545.0,528.0,532.95,544.4,544.0,539.11,629.55,430.7,32476990,17508792556.85,229953
2023-04-13,529.3,534.25,527.15,528.2,533.4,532.95,530.4,629.55,430.7,28597560,15168246670.05,168188
2023-04-12,533.2,534.0,526.0,532.1,529.15,528.2,529.65,629.55,430.7,21292441,11277564811.0,170950
2023-04-11,530.85,535.7,527.15,526.3,532.5,532.1,533.07,629.55,430.7,26414406,14080836565.45,176416
2023-04-10,529.25,530.4,524.4,527.65,525.7,526.3,527.28,629.55,430.7,17335453,9140693489.7,138261
2023-04-06,524.0,533.7,521.65,523.0,527.7,527.65,528.66,629.55,430.7,25125879,13282981142.75,232693
2023-04-05,527.0,527.6,519.05,526.75,523.5,523.0,522.57,629.55,430.7,13574801,7093806223.3,174172
2023-04-03,524.75,528.5,522.1,523.75,525.6,526.75,525.94,629.55,430.7,14210949,7474113454.4,137769
2023-03-31,520.65,524.9,519.35,516.5,523.0,523.75,522.06,629.55,430.7,17356345,9061133003.0,210617
2023-03-29,509.0,518.0,506.3,508.1,517.0,516.5,512.21,629.55,430.7,24203789,12397477065.0,216794
2023-03-28,511.45,511.75,503.85,510.15,509.0,508.1,507.96,629.55,430.7,15833599,8042852927.3,199721
2023-03-27,507.0,514.15,501.55,505.35,509.0,510.15,509.28,629.55,430.7,15674218,7982618562.65,224703
2023-03-24,514.5,514.95,503.45,512.75,505.5,505.35,510.24,629.55,430.7,14416984,7356153435.65,194898
2023-03-23,519.4,521.0,511.5,521.55,512.0,512.75,517.21,629.55,430.7,22097792,11429112837.45,261069
2023-03-22,522.2,527.0,520.1,521.85,521.55,521.55,523.63,629.55,430.7,11619538,6084288023.15,155900
2023-03-21,522.0,523.45,516.45,519.2,521.75,521.85,520.33,629.55,430.7,29485180,15341948084.5,295453
2023-03-20,526.6,526.6,515.0,529.8,520.0,519.2,518.98,629.55,430.7,14275315,7408542782.55,251690
2023-03-17,528.65,531.6,520.1,524.5,531.0,529.8,526.55,629.55,430.7,18787379,9892576528.7,185372
2023-03-16,518.4,529.35,514.3,517.55,525.65,524.5,521.02,629.55,430.7,20040008,10441335063.95,290873
2023-03-15,529.8,532.0,515.55,525.4,517.8,517.55,524.47,629.55,430.7,11282329,5917258639.8,252252
2023-03-14,527.65,532.8,520.0,530.0,526.0,525.4,524.87,629.55,430.7,14750800,7742294996.9,262481
2023-03-13,547.0,553.15,528.45,547.35,529.95,530.0,537.53,629.55,430.7,14373729,7726310525.7,211599
2023-03-10,553.1,554.95,545.0,558.9,547.65,547.35,548.4,629.55,425.0,11522371,6318923508.05,223557
2023-03-09,564.75,565.75,558.0,564.8,558.7,558.9,561.63,629.55,425.0,8993423,5050951266.7,129019
2023-03-08,560.0,565.5,556.45,561.7,564.0,564.8,561.23,629.55,425.0,12637578,7092600028.6,163357
2023-03-06,564.9,567.9,559.0,561.2,561.8,561.7,563.48,629.55,425.0,16162268,9107045455.25,199841
2023-03-03,542.0,564.3,541.75,533.75,561.0,561.2,557.8,629.55,425.0,27656538,15426880804.45,301105
2023-03-02,535.95,539.9,532.5,536.7,534.5,533.75,535.45,629.55,425.0,10376913,5556284341.95,150813
2023-03-01,523.25,537.4,523.1,522.8,536.25,536.7,532.39,629.55,425.0,13510198,7192717063.95,247974
2023-02-28,527.25,528.45,521.05,527.7,522.45,522.8,523.97,629.55,425.0,15768010,8262022278.8,138340
2023-02-27,521.1,529.8,519.0,521.05,527.5,527.7,525.49,629.55,425.0,11048799,5805988068.6,175532
2023-02-24,524.2,527.5,517.6,521.0,521.5,521.05,522.25,629.55,425.0,12253035,6399175579.85,174036
2023-02-23,516.95,524.0,511.35,516.35,522.85,521.0,518.82,629.55,425.0,15535085,8059838424.75,209593
2023-02-22,520.75,521.9,512.5,523.45,516.75,516.35,516.6,629.55,425.0,14763050,7626522439.5,279932
2023-02-21,527.1,528.95,522.4,525.15,523.8,523.45,525.46,629.55,425.0,10223218,5371849834.55,201064
2023-02-20,532.0,533.95,522.15,531.0,525.45,525.15,526.99,629.55,425.0,12570032,6624234423.9,207013
2023-02-17,538.5,539.65,527.75,540.1,530.65,531.0,532.32,629.55,425.0,14192008,7554622361.75,220159
2023-02-16,546.85,546.85,538.5,542.25,539.3,540.1,542.25,629.55,425.0,12767016,6922854433.1,219926
2023-02-15,540.0,544.65,536.8,540.85,542.8,542.25,541.31,629.55,425.0,12796579,6926957648.5,207687
2023-02-14,539.95,544.6,530.75,537.5,541.0,540.85,536.92,629.55,425.0,18559909,9965143466.4,221342
2023-02-13,554.0,556.9,533.3,553.05,537.1,537.5,539.69,629.55,425.0,18488732,9978135518.8,248043
2023-02-10,546.5,557.25,546.5,550.8,552.9,553.05,553.81,629.55,425.0,13824475,7656154646.75,179516
2023-02-09,552.0,552.0,542.8,549.75,551.0,550.8,548.33,629.55,425.0,15061047,8258388340.35,147809
2023-02-08,550.0,554.5,545.5,547.1,550.75,549.75,549.76,629.55,425.0,15502847,8522903102.05,244248
2023-02-07,548.0,551.4,541.05,545.4,546.2,547.1,546.83,629.55,425.0,16195947,8856378573.7,343935
2023-02-06,558.8,558.8,536.55,544.2,543.9,545.4,545.24,629.55,425.0,25338586,13815625569.5,266976
2023-02-03,536.0,545.95,519.15,528.1,545.7,544.2,535.23,629.55,425.0,32317232,17297009476.05,444091
2023-02-02,520.2,532.65,502.5,527.35,532.1,528.1,521.91,629.55,425.0,39287056,20504207140.65,471242
2023-02-01,561.4,565.0,499.35,553.5,527.0,527.35,541.41,629.55,425.0,38218810,20692138679.1,498247
2023-01-31,545.0,557.0,537.85,538.2,556.95,553.5,550.83,629.55,425.0,21911943,12069723500.85,284762
2023-01-30,536.0,554.35,525.2,539.95,541.25,538.2,536.97,629.55,425.0,40797825,21907160847.25,590951
2023-01-27,568.0,568.55,532.25,568.7,542.0,539.95,548.08,629.55,425.0,40163464,22012948569.6,501251
2023-01-25,595.85,595.85,567.4,594.35,568.5,568.7,574.28,629.55,425.0,25686294,14751042028.8,441882
2023-01-24,603.5,604.6,593.05,600.45,593.95,594.35,597.94,629.55,425.0,7609623,4550101925.85,143693
2023-01-23,598.5,601.75,592.95,592.2,601.0,600.45,599.43,629.55,425.0,6604469,3958919244.8,122483
2023-01-20,593.8,596.6,590.8,589.85,592.95,592.2,593.93,629.55,425.0,6750607,4009374692.95,114106
2023-01-19,591.0,591.75,587.55,591.45,589.7,589.85,589.57,629.55,425.0,7475688,4407407361.6,159313
2023-01-18,595.9,597.15,587.6,592.95,591.0,591.45,591.61,629.55,425.0,11538075,6826073685.45,187691
2023-01-17,603.0,606.0,586.05,603.0,593.4,592.95,593.93,629.55,425.0,13461999,7995508779.4,179000
2023-01-16,603.0,606.1,600.6,600.1,603.2,603.0,603.22,629.55,425.0,5483191,3307558082.15,114056
2023-01-13,597.9,602.9,593.65,594.9,600.7,600.1,598.73,629.55,425.0,7877610,4716567188.3,122377
2023-01-12,597.9,597.9,590.1,596.7,594.95,594.9,593.57,629.55,425.0,8183715,4857601333.75,195861
2023-01-11,596.45,599.5,592.25,595.15,597.0,596.7,596.73,629.55,425.0,7419630,4427502701.85,120446
2023-01-10,608.45,609.0,590.6,607.7,595.5,595.15,596.1,629.55,425.0,10622660,6332208142.65,187602
2023-01-09,605.0,609.0,600.1,600.65,608.45,607.7,606.07,629.55,425.0,8878905,5381251510.2,160223
2023-01-06,607.4,607.45,597.0,605.1,601.0,600.65,601.57,629.55,425.0,7972036,4795747048.6,154179
2023-01-05,607.0,611.6,601.95,605.2,605.75,605.1,605.84,629.55,425.0,8241475,4992982082.0,146571
2023-01-04,611.85,614.95,604.0,612.4,605.6,605.2,607.74,629.55,425.0,7011191,4260969479.35,113548
2023-01-03,614.5,616.6,610.0,612.2,612.95,612.4,613.26,629.55,425.0,6818062,4181258078.2,122799
2023-01-02,614.95,619.2,611.2,613.7,612.6,612.2,614.42,629.55,425.0,6726084,4132615299.65,125418
2022-12-30,615.25,620.55,611.35,611.8,614.25,613.7,615.43,629.55,425.0,13052895,8033100347.05,158347
2022-12-29,600.0,618.0,597.15,601.05,614.05,611.8,608.16,629.55,425.0,20130392,12242524564.7,168187
2022-12-28,600.9,607.0,598.55,601.9,601.0,601.05,602.94,629.55,425.0,7988631,4816651444.45,143945
2022-12-27,600.4,603.1,593.3,597.1,602.0,601.9,598.21,629.55,425.0,9638618,5765912745.95,206219
2022-12-26,574.0,601.7,570.7,574.0,597.1,597.1,589.64,629.55,425.0,13201587,7784134332.2,210003
2022-12-23,590.0,590.7,571.5,593.4,573.1,574.0,579.55,629.55,425.0,13047046,7561431125.75,226901
2022-12-22,597.0,599.0,587.55,593.4,592.0,593.4,592.49,629.55,425.0,8740149,5178437456.55,136417
2022-12-21,605.9,609.15,589.6,604.45,594.3,593.4,599.66,629.55,425.0,9217253,5527195688.5,145768
2022-12-20,603.0,606.5,599.55,604.45,605.3,604.45,602.65,629.55,425.0,6753785,4070154751.5,128701
2022-12-19,604.0,609.5,603.0,603.35,605.5,604.45,605.78,629.55,425.0,8322012,5041268364.25,149442
2022-12-16,612.0,615.6,602.1,615.95,604.35,603.35,607.83,629.55,425.0,9435071,5734914585.6,160875
2022-12-15,625.55,629.55,614.3,625.5,614.7,615.95,621.92,629.55,425.0,10622271,6606176441.8,148853
2022-12-14,618.5,626.75,617.5,616.75,625.3,625.5,623.52,626.75,425.0,14010673,8735884073.65,187174
2022-12-13,613.5,617.4,612.5,613.05,616.8,616.75,615.45,622.7,425.0,7455415,4588404579.4,162670
2022-12-12,614.8,618.7,611.0,616.5,612.35,613.05,613.74,622.7,425.0,9285187,5698647281.15,135955
2022-12-09,614.4,618.0,609.1,611.65,617.0,616.5,613.84,622.7,425.0,11202267,6876434227.3,169991
2022-12-08,609.75,613.8,607.15,607.05,612.25,611.65,611.14,622.7,425.0,10020015,6123608626.5,146277
2022-12-07,610.85,612.9,604.5,608.95,606.95,607.05,607.96,622.7,425.0,7613892,4628904222.25,113416
2022-12-06,614.75,619.8,607.8,617.3,609.3,608.95,613.29,622.7,425.0,12996244,7970503352.0,190699
2022-12-05,608.5,618.0,607.55,607.55,616.7,617.3,614.05,622.7,425.0,11585602,7114164816.2,210728
2022-12-02,607.5,609.6,604.25,608.1,607.6,607.55,607.29,622.7,425.0,7533838,4575252955.95,142901
2022-12-01,607.85,609.8,601.55,602.45,608.0,608.1,605.68,622.7,425.0,14209313,8606271146.8,172004
2022-11-30,608.5,611.4,598.4,608.55,602.95,602.45,603.09,622.7,425.0,15606230,9412010412.2,174362
2022-11-29,607.1,611.8,607.1,608.6,608.1,608.55,609.32,622.7,425.0,6942919,4230494096.3,121735
2022-11-28,605.6,610.9,602.35,607.4,608.0,608.6,606.01,622.7,425.0,7934274,4808229149.85,121851
2022-11-25,610.55,613.7,606.25,609.35,607.2,607.4,609.3,622.7,425.0,9994513,6089640965.5,136359
2022-11-24,609.75,611.3,605.8,607.65,609.6,609.35,608.75,622.7,425.0,8960032,5454395604.45,128229
2022-11-23,601.55,609.6,601.0,599.1,607.1,607.65,606.5,622.7,425.0,12435924,7542386457.5,171897
2022-11-22,598.15,600.7,596.15,598.1,599.0,599.1,598.56,622.7,425.0,8048595,4817532263.45,126028
2022-11-21,602.1,602.1,595.35,602.7,598.0,598.1,598.39,622.7,425.0,7412419,4435509514.55,135865
2022-11-18,601.0,605.75,597.15,599.05,602.05,602.7,601.12,622.7,425.0,12933675,7774746404.45,155935
2022-11-17,599.1,602.75,596.15,599.75,598.45,599.05,599.41,622.7,425.0,8167131,4895433201.45,114824
2022-11-16,599.95,603.5,596.0,600.85,599.0,599.75,600.52,622.7,425.0,11555749,6939489693.9,168811
2022-11-15,594.3,602.1,592.65,592.55,601.5,600.85,597.7,622.7,425.0,10286417,6148169628.95,153811
2022-11-14,603.95,603.95,591.65,601.3,592.5,592.55,596.08,622.7,425.0,12957268,7723573323.3,227415
2022-11-11,617.25,619.55,598.5,605.75,600.0,601.3,605.28,622.7,425.0,15525267,9397103693.35,220631
2022-11-10,613.1,615.1,602.2,615.55,605.05,605.75,607.23,622.7,425.0,11618405,7055030835.7,232699
2022-11-09,621.0,621.0,610.55,614.15,614.6,615.55,615.08,622.7,425.0,18939854,11649523009.9,302328
2022-11-07,613.0,622.7,607.7,593.95,613.8,614.15,615.56,622.7,425.0,44265903,27248449289.6,470162
2022-11-04,586.0,596.95,580.4,584.9,595.7,593.95,587.64,596.95,425.0,25759031,15137053924.2,302456
2022-11-03,569.0,587.95,568.0,573.85,584.15,584.9,581.58,587.95,425.0,17557998,10211388603.8,244825
2022-11-02,575.9,578.95,569.9,576.9,573.0,573.85,574.79,586.2,425.0,10241440,5886694998.95,142730
2022-11-01,576.35,585.75,574.6,573.8,576.0,576.9,579.85,586.2,425.0,12069579,6998554295.3,163499
2022-10-31,574.95,577.45,568.4,570.75,573.5,573.8,572.79,586.2,425.0,9894639,5667560387.8,139535
2022-10-28,579.95,582.65,567.0,579.65,571.8,570.75,572.65,586.2,425.0,10043644,5751515569.95,144061
2022-10-27,583.95,585.0,577.6,578.55,579.1,579.65,580.71,586.2,425.0,13613533,7905525313.35,209377
2022-10-25,572.5,586.2,568.0,570.5,577.0,578.55,578.28,586.2,425.0,19899324,11507427412.85,215376
2022-10-24,567.0,572.5,565.9,560.85,572.15,570.5,569.46,578.5,425.0,3692065,2102464996.35,63147
2022-10-21,557.25,565.8,557.25,555.4,561.65,560.85,562.7,578.5,425.0,11767639,6621648120.8,198859
2022-10-20,552.0,556.8,545.3,553.4,555.5,555.4,551.98,578.5,425.0,11225588,6196328573.95,134915
2022-10-19,563.0,563.45,551.55,562.45,553.75,553.4,555.4,578.5,425.0,9540583,5298845388.7,137573
2022-10-18,547.1,563.5,546.75,543.65,562.4,562.45,558.19,578.5,425.0,20440781,11409791394.1,245391
2022-10-17,526.4,544.7,524.2,527.2,543.2,543.65,538.7,578.5,425.0,13485349,7264515862.55,208408
2022-10-14,530.2,534.85,526.0,521.45,527.8,527.2,530.03,578.5,425.0,8545479,4529375083.5,144578
2022-10-13,533.0,533.8,520.2,533.8,521.9,521.45,525.44,578.5,425.0,12972765,6816438201.85,166849
2022-10-12,530.0,535.0,526.0,527.4,535.0,533.8,530.03,578.5,425.0,8522604,4517236010.0,121592
2022-10-11,530.75,533.7,525.5,530.75,527.0,527.4,529.35,578.5,425.0,10825440,5730463472.65,159970
2022-10-10,525.7,533.9,522.2,530.2,531.4,530.75,528.13,578.5,425.0,9649292,5096052558.9,191653
2022-10-07,535.5,535.6,526.55,537.3,531.0,530.2,529.64,578.5,425.0,11065307,5860624159.5,185698
2022-10-06,534.6,541.8,534.6,532.7,537.35,537.3,538.44,578.5,425.0,9507322,5119102137.6,183101
2022-10-04,533.0,535.8,527.8,519.75,532.95,532.7,532.39,578.5,425.0,8745887,4656244525.45,128142
2022-10-03,527.6,531.65,518.5,530.6,518.95,519.75,525.01,578.5,425.0,9351162,4909456239.05,141130
2022-09-30,524.0,536.9,516.15,521.75,531.55,530.6,528.17,578.5,425.0,17466950,9225477677.2,199404
2022-09-29,529.0,535.7,519.55,524.85,524.0,521.75,525.18,578.5,425.0,17310168,9090986645.6,215284
2022-09-28,532.9,539.8,520.35,536.5,523.5,524.85,532.17,578.5,425.0,12233485,6510284800.4,183919
2022-09-27,544.55,550.9,533.2,543.3,538.0,536.5,542.4,578.5,425.0,11066799,6002626270.3,154979
2022-09-26,545.8,549.0,533.0,550.6,545.3,543.3,541.37,578.5,425.0,16158750,8747941723.25,274214
2022-09-23,564.8,568.0,549.5,567.3,550.9,550.6,555.53,578.5,425.0,12563239,6979215908.2,282839
2022-09-22,566.75,574.0,562.0,569.7,567.5,567.3,567.39,578.5,425.0,11869435,6734594427.3,181550
2022-09-21,575.0,577.3,565.4,574.05,569.0,569.7,570.45,578.5,425.0,9392526,5357998661.95,174676
2022-09-20,577.95,577.95,572.85,572.25,573.6,574.05,575.5,578.5,425.0,8484017,4882536374.35,176912
2022-09-19,560.7,574.4,559.55,561.8,572.5,572.25,569.54,578.5,425.0,11194003,6375398054.4,163866
2022-09-16,569.1,574.0,560.3,572.15,562.5,561.8,564.61,578.5,425.0,14739280,8321982741.65,231709
2022-09-15,572.55,578.5,567.9,571.75,571.5,572.15,573.5,578.5,425.0,12749947,7312060768.8,224387
2022-09-14,550.0,574.85,549.25,558.0,572.3,571.75,567.79,574.85,425.0,21632641,12282852152.3,301335
2022-09-13,560.0,560.0,553.75,554.9,557.1,558.0,557.73,560.0,425.0,16707275,9318085634.25,148044
2022-09-12,554.9,558.6,551.25,553.35,554.95,554.9,555.63,558.6,425.0,9677415,5377080074.6,127479
2022-09-09,549.65,557.0,548.0,544.65,551.95,553.35,553.57,557.0,425.0,18587927,10289692790.2,267586
2022-09-08,536.0,546.3,535.5,532.85,545.25,544.65,541.55,549.0,425.0,12240707,6628912370.75,141256
2022-09-07,534.4,537.45,531.55,537.8,532.1,532.85,534.25,549.0,425.0,8445359,4511895645.9,106610
2022-09-06,538.0,542.7,534.1,538.9,537.3,537.8,539.43,549.0,425.0,8657868,4670346677.0,108579
2022-09-05,537.0,540.8,536.3,536.7,538.75,538.9,539.17,549.0,425.0,7819994,4216330099.55,106157
2022-09-02,537.0,537.85,531.25,533.3,535.0,536.7,535.36,549.0,413.5,10017930,5363164755.2,124824
2022-09-01,522.25,540.9,522.25,531.25,534.25,533.3,535.06,549.0,413.5,16670228,8919650119.4,218023
2022-08-30,518.2,532.5,517.95,514.85,531.0,531.25,528.36,549.0,413.5,14835308,7838353166.55,166014
2022-08-29,511.3,517.0,508.75,523.8,515.0,514.85,513.62,549.0,413.5,9421339,4838957049.45,143380
2022-08-26,523.8,529.5,522.2,520.4,524.3,523.8,525.17,549.0,401.25,12855886,6751514077.25,128630
2022-08-25,521.95,528.3,518.5,519.3,520.15,520.4,523.9,549.0,401.25,15473450,8106540162.8,167210
2022-08-24,519.0,523.0,512.3,521.9,520.4,519.3,517.9,549.0,401.25,11930650,6178850761.4,143063
2022-08-23,508.25,524.0,508.25,511.3,523.0,521.9,517.45,549.0,401.25,8597965,4448995522.9,130274
2022-08-22,519.0,519.9,510.0,520.35,511.1,511.3,513.09,549.0,401.25,9676954,4965152207.8,165588
2022-08-19,532.0,533.65,518.5,532.35,520.05,520.35,523.18,549.0,401.25,11087222,5800622525.65,146387
2022-08-18,526.85,534.8,526.2,528.15,532.0,532.35,531.57,549.0,401.25,9013662,4791385825.2,120443
2022-08-17,528.85,530.55,524.35,525.95,527.8,528.15,526.89,549.0,401.25,12054183,6351246080.75,159055
2022-08-16,533.3,533.85,525.0,530.7,526.6,525.95,527.74,549.0,401.25,10721167,5657979793.75,145707
2022-08-12,525.7,531.8,525.15,524.75,531.0,530.7,529.76,549.0,401.25,12154012,6438750910.6,160036
2022-08-11,520.0,526.0,517.2,514.7,524.5,524.75,521.76,549.0,401.25,13862195,7232693557.9,192485
2022-08-10,521.55,523.5,513.4,520.4,513.9,514.7,516.46,549.0,401.25,16904151,8730379353.15,247601
2022-08-08,524.0,524.0,513.85,531.05,520.1,520.4,518.01,549.0,401.25,32566317,16869712451.35,416603
2022-08-05,535.55,542.9,529.0,533.25,532.35,531.05,537.29,549.0,401.25,21110734,11342675873.75,205564
2022-08-04,543.65,544.0,524.2,540.85,532.3,533.25,532.95,549.0,401.25,18072293,9631594662.25,201817
2022-08-03,541.9,546.4,534.65,542.1,540.5,540.85,542.04,549.0,401.25,24262125,13151082595.4,253745
2022-08-02,531.9,544.9,531.1,533.75,540.0,542.1,541.38,549.0,401.25,16845027,9119556236.75,230932
2022-08-01,529.05,535.0,526.4,528.35,533.35,533.75,532.31,549.0,401.25,8295631,4415816994.75,124805
2022-07-29,535.05,537.0,526.75,532.45,527.65,528.35,529.82,549.0,401.25,11921058,6315998165.4,144306
2022-07-28,533.2,537.5,529.55,528.2,532.15,532.45,532.51,549.0,401.25,12160734,6475654215.2,215225
2022-07-27,515.3,529.95,512.25,514.2,528.35,528.2,522.16,549.0,401.25,15101546,7885450134.35,333000
2022-07-26,517.7,520.8,513.1,517.8,513.7,514.2,516.44,549.0,401.25,8862656,4577000715.15,168343
2022-07-25,513.4,519.0,509.15,513.7,516.25,517.8,514.4,549.0,401.25,10229778,5262242658.25,153553
2022-07-22,513.45,520.2,511.2,512.05,511.9,513.7,516.23,549.0,401.25,14699129,7588186570.15,244781
2022-07-21,509.8,513.4,506.75,508.6,511.1,512.05,511.48,549.0,401.25,13814893,7066028812.7,196106
2022-07-20,501.0,510.6,500.4,497.95,507.4,508.6,507.48,549.0,401.25,19280117,9784217298.85,254529
2022-07-19,488.0,498.55,488.0,490.3,497.9,497.95,494.57,549.0,401.25,11724183,5798451759.05,130777
2022-07-18,484.55,491.5,482.1,479.1,489.6,490.3,487.33,549.0,401.25,9934786,4841501119.4,178323
2022-07-15,482.55,484.4,474.7,479.35,478.7,479.1,478.3,549.0,401.25,6945602,3322054772.0,120161
2022-07-14,486.6,488.9,476.8,486.5,480.3,479.35,482.03,549.0,401.25,9385630,4524120598.85,151617
2022-07-13,487.75,492.45,484.55,484.95,486.2,486.5,488.27,549.0,401.25,8208853,4008106035.85,129820
2022-07-12,485.0,491.35,483.1,488.2,483.4,484.95,488.66,549.0,401.25,7364457,3598704148.85,108367
2022-07-11,485.0,491.3,485.0,488.55,488.05,488.2,488.75,549.0,401.25,7704792,3765716046.15,94857
2022-07-08,489.0,489.9,485.15,486.75,488.45,488.55,487.44,549.0,401.25,9057231,4414856472.4,162363
2022-07-07,484.0,488.25,481.6,479.95,486.9,486.75,485.27,549.0,401.25,11497832,5579593687.8,173806
2022-07-06,475.15,481.0,473.9,472.15,480.55,479.95,478.18,549.0,401.25,12059857,5766832535.75,179395
2022-07-05,475.15,480.0,471.0,473.45,472.55,472.15,475.99,549.0,401.25,12003244,5713384767.95,143727
2022-07-04,466.85,474.15,466.85,466.85,473.95,473.45,470.57,549.0,401.25,9186358,4322793774.1,115285
2022-07-01,463.35,468.8,460.55,465.9,468.5,466.85,465.07,549.0,401.25,9405495,4374195289.05,116790
2022-06-30,459.0,469.3,458.6,459.1,465.6,465.9,465.57,549.0,401.25,16926328,7880439985.75,186175
2022-06-29,460.0,462.7,458.0,464.25,458.95,459.1,460.55,549.0,401.25,11800876,5434914241.85,107588
2022-06-28,458.9,465.75,458.0,461.2,464.75,464.25,462.78,549.0,401.25,13261290,6137031012.35,168906
2022-06-27,459.95,464.85,458.05,454.25,461.55,461.2,461.18,549.0,401.25,9509175,4385421054.0,103487
2022-06-24,455.8,460.35,453.2,451.4,454.55,454.25,455.97,549.0,400.5,10833364,4939643608.55,127154
2022-06-23,449.0,456.45,446.0,447.65,451.25,451.4,451.63,549.0,400.5,12229833,5523391671.25,157832
2022-06-22,448.75,451.2,444.65,450.75,447.05,447.65,447.71,549.0,400.5,11066447,4954585919.8,111722
2022-06-21,439.5,454.95,437.6,434.7,451.0,450.75,447.76,549.0,400.5,13801891,6179936791.15,178846
2022-06-20,441.5,443.45,430.7,441.0,434.65,434.7,436.85,549.0,400.5,12368534,5403153186.35,172757
2022-06-17,440.0,447.55,437.25,441.6,442.5,441.0,443.05,549.0,400.5,14326050,6347137199.65,167655
2022-06-16,455.15,457.75,440.15,451.35,441.15,441.6,448.44,549.0,400.5,10780703,4834445595.35,139788
2022-06-15,448.95,455.45,448.6,448.1,450.25,451.35,452.6,549.0,400.5,9920926,4490231934.55,119413
2022-06-14,445.0,449.25,443.35,445.85,448.0,448.1,446.47,549.0,400.5,11351101,5067902738.85,136687
2022-06-13,454.0,454.05,442.1,461.85,446.1,445.85,446.07,549.0,400.5,13426836,5989284598.4,203861
2022-06-10,462.0,464.15,458.6,466.95,462.1,461.85,461.6,549.0,400.5,8621104,3979479308.5,127828
2022-06-09,468.95,470.9,462.45,471.3,467.2,466.95,465.94,549.0,400.5,12635601,5887439316.6,158259
2022-06-08,466.6,475.55,463.2,463.4,471.0,471.3,470.58,549.0,400.5,17168871,8079264816.6,192002
2022-06-07,461.85,465.95,460.5,463.7,463.95,463.4,462.95,549.0,400.5,7672515,3551990864.45,108268
2022-06-06,464.2,465.6,456.5,464.5,463.6,463.7,461.88,549.0,400.5,10661432,4924334007.85,137662
2022-06-03,473.25,475.5,463.5,469.85,465.0,464.5,470.15,549.0,400.5,11306291,5315646218.95,114757
2022-06-02,466.9,472.35,466.15,468.3,470.0,469.85,469.68,549.0,400.5,9370989,4401383675.1,114087
2022-06-01,468.0,472.0,464.7,468.1,469.25,468.3,468.69,549.0,400.5,9424008,4416955450.55,119346
2022-05-31,474.0,476.4,465.0,474.6,467.6,468.1,471.12,549.0,400.5,15441579,7274761527.75,149463
2022-05-30,473.0,476.9,471.1,468.95,474.8,474.6,474.04,549.0,400.5,9365470,4439626587.15,151679
2022-05-27,471.4,475.0,467.5,468.9,468.0,468.95,470.69,549.0,400.5,10977001,5166782867.5,160651
2022-05-26,456.85,470.1,452.5,454.1,469.6,468.9,460.09,549.0,400.5,17055257,7846911655.75,208123
2022-05-25,461.0,464.45,452.05,462.05,453.45,454.1,458.77,549.0,400.5,12728644,5839499480.45,154093
2022-05-24,462.4,466.8,460.2,460.9,463.0,462.05,463.29,549.0,400.5,17175179,7957058574.6,139005
2022-05-23,463.1,471.4,459.5,462.4,461.0,460.9,465.61,549.0,400.5,13499415,6285493530.75,170499
2022-05-20,454.85,464.0,454.15,447.5,462.5,462.4,460.64,549.0,363.65,13596860,6263239735.25,151413
2022-05-19,449.05,450.0,444.45,458.0,449.0,447.5,447.36,549.0,363.65,14201420,6353183667.3,223399
2022-05-18,467.9,468.6,457.1,467.3,458.25,458.0,463.11,549.0,363.65,15644497,7245121118.3,205591
2022-05-17,458.3,469.65,456.15,455.0,467.45,467.3,462.65,549.0,363.65,16880698,7809801121.7,206674
2022-05-16,445.0,461.5,438.85,444.65,456.0,455.0,454.93,549.0,363.65,27940958,12711054077.2,283950
2022-05-13,469.45,477.0,439.75,462.65,440.5,444.65,461.88,549.0,354.75,61403008,28360528047.6,595336
2022-05-12,473.0,473.0,456.35,476.55,462.7,462.65,462.77,549.0,354.75,18947096,8768075747.5,314035
2022-05-11,475.25,479.0,463.65,475.2,478.4,476.55,471.45,549.0,354.75,14771351,6963938211.0,241751
2022-05-10,477.0,482.55,473.5,475.9,474.0,475.2,477.99,549.0,354.75,10884328,5202612034.7,183663
2022-05-09,477.1,483.7,473.8,483.95,476.45,475.9,477.81,549.0,354.75,13544947,6471855072.45,170758
2022-05-06,471.0,486.1,471.0,480.0,485.5,483.95,478.71,549.0,341.4,16710020,7999171104.8,216166
2022-05-05,485.0,494.0,478.65,479.65,480.0,480.0,487.16,549.0,341.4,14130385,6883760406.35,185153
2022-05-04,492.0,496.45,477.5,491.0,478.5,479.65,487.2,549.0,341.4,14645323,7135245642.5,221907
2022-05-02,492.65,495.0,481.3,496.3,490.9,491.0,487.35,549.0,341.4,18590895,9060263031.45,232328
2022-04-29,508.1,512.5,494.0,507.5,495.9,496.3,503.59,549.0,339.25,12894773,6493703529.65,143518
2022-04-28,499.15,510.0,496.5,497.25,507.7,507.5,503.04,549.0,339.25,12154792,6114331932.3,134713
2022-04-27,500.0,502.8,491.85,505.5,497.85,497.25,496.78,549.0,339.25,12367342,6143829183.05,142885
2022-04-26,499.0,507.9,498.45,494.75,505.5,505.5,504.31,549.0,339.25,12137213,6120898078.0,158992
2022-04-25,495.0,499.2,490.05,500.6,495.0,494.75,495.06,549.0,339.25,14057444,6959299074.05,186190
2022-04-22,512.9,513.5,499.0,516.3,499.5,500.6,505.07,549.0,321.3,16760456,8465127370.95,208796
2022-04-21,513.4,518.0,512.2,509.3,516.9,516.3,515.24,549.0,321.3,10035638,5170807462.7,108987
2022-04-20,512.0,513.7,507.0,511.8,509.2,509.3,510.2,549.0,321.3,11881305,6061830257.65,153556
2022-04-19,513.25,520.95,505.1,509.5,506.6,511.8,515.99,549.0,321.3,20362934,10507079159.65,240810
2022-04-18,512.0,515.0,504.0,517.7,510.1,509.5,509.48,549.0,321.3,14492183,7383507123.1,206832
2022-04-13,514.3,520.9,513.75,512.85,517.7,517.7,517.08,549.0,321.3,15440525,7983987949.4,150224
2022-04-12,512.75,516.7,504.35,514.9,512.5,512.85,510.3,549.0,321.3,14460680,7379318523.1,179734
2022-04-11,513.5,522.0,513.2,516.1,515.0,514.9,518.25,549.0,321.3,12370288,6410859873.85,181292
2022-04-08,519.5,519.5,512.35,514.95,516.1,516.1,516.11,549.0,321.3,13572638,7004926248.3,142230
2022-04-07,510.05,519.9,510.05,513.95,516.55,514.95,515.08,549.0,321.3,19620958,10106455922.15,193008
2022-04-06,507.0,515.2,506.0,509.4,512.75,513.95,510.73,549.0,321.3,13738275,7016507642.0,156632
2022-04-05,514.4,516.4,507.7,512.4,508.0,509.4,512.46,549.0,321.3,13602384,6970682174.05,152569
2022-04-04,509.3,514.9,506.0,508.2,512.2,512.4,511.42,549.0,321.3,16257176,8314232026.45,198168
2022-04-01,491.0,509.75,491.0,493.55,508.0,508.2,503.37,549.0,321.3,18527226,9326126941.05,197319
2022-03-31,494.3,497.55,492.2,494.3,493.3,493.55,494.45,549.0,321.3,10240982,5063610021.25,124653
2022-03-30,499.3,500.4,492.3,495.0,493.0,494.3,496.58,549.0,321.3,16461225,8174331159.8,196570
2022-03-29,500.0,501.4,491.7,497.5,495.5,495.0,496.03,549.0,321.3,14301429,7093976888.55,149505
2022-03-28,490.95,498.6,481.95,490.7,497.75,497.5,491.67,549.0,321.3,16738684,8229888608.85,201945
2022-03-25,491.75,493.3,486.6,487.1,491.8,490.7,490.04,549.0,321.3,11541196,5655597136.55,145141
2022-03-24,485.0,494.8,483.5,490.65,486.9,487.1,489.44,549.0,321.3,18174877,8895507386.05,191083
2022-03-23,498.5,502.4,489.2,493.7,489.95,490.65,495.13,549.0,321.3,15800195,7823206413.75,168550
2022-03-22,490.6,495.8,477.25,490.6,495.1,493.7,486.29,549.0,321.3,26157969,12720246447.95,264129
2022-03-21,502.0,502.0,489.0,501.9,490.25,490.6,493.32,549.0,321.3,19064060,9404735444.25,224101
2022-03-17,499.0,503.5,498.3,492.75,501.0,501.9,501.29,549.0,321.3,22947673,11503533276.5,221065
2022-03-16,493.0,494.3,489.4,485.85,491.95,492.75,492.21,549.0,321.3,16211288,7979296625.65,172261
2022-03-15,489.0,490.5,480.65,485.15,485.0,485.85,485.62,549.0,321.3,27204899,13211211846.75,300344
2022-03-14,471.0,486.0,470.55,470.35,485.5,485.15,480.43,549.0,321.3,27750689,13332216131.55,275270
2022-03-11,466.4,474.8,462.0,468.7,470.85,470.35,470.21,549.0,321.3,22091309,10387624187.45,219456
2022-03-10,469.9,476.65,461.65,451.7,467.4,468.7,469.95,549.0,321.3,34553299,16238198015.45,328612
2022-03-09,442.0,454.3,438.55,440.3,452.3,451.7,445.45,549.0,321.3,32331325,14402086959.4,347913
2022-03-08,438.0,442.1,425.0,440.3,440.0,440.3,434.44,549.0,321.3,42510207,18468217945.75,431966
2022-03-07,447.5,453.95,433.45,461.95,441.15,440.3,439.85,549.0,321.3,33720472,14832043226.3,474609
2022-03-04,460.3,470.9,457.65,467.4,462.45,461.95,464.01,549.0,321.3,20684268,9597616194.8,271479
2022-03-03,480.0,483.4,464.6,474.25,466.65,467.4,470.45,549.0,321.3,20358590,9577747166.6,255355
2022-03-02,478.0,479.8,467.0,483.2,475.0,474.25,473.1,549.0,321.3,22003848,10409916776.85,319620
2022-02-28,476.9,485.3,473.1,482.95,483.7,483.2,479.74,549.0,321.3,18069367,8668636657.3,240076
2022-02-25,480.0,491.9,479.3,472.65,483.75,482.95,485.29,549.0,321.3,21792287,10575686869.05,245306
2022-02-24,480.0,487.95,468.0,498.7,470.85,472.65,479.75,549.0,321.3,32356037,15522908575.3,430597
2022-02-23,503.0,505.35,497.25,498.4,498.15,498.7,501.32,549.0,321.3,13899433,6968058858.15,174252
2022-02-22,500.9,505.3,495.5,511.85,497.9,498.4,500.1,549.0,321.3,27108772,13557096740.05,285946
2022-02-21,511.55,517.5,504.65,515.3,511.5,511.85,511.82,549.0,321.3,16866932,8632877138.25,186884
2022-02-18,510.1,520.9,510.1,512.95,515.0,515.3,515.84,549.0,321.3,15111223,7794991046.45,167187
2022-02-17,520.0,520.0,511.15,516.7,511.6,512.95,515.23,549.0,321.3,16408356,8454056421.8,183638
2022-02-16,526.5,528.0,514.0,524.8,515.0,516.7,519.94,549.0,321.3,19773807,10281277420.45,223564
2022-02-15,502.0,526.85,497.1,501.4,524.0,524.8,510.42,549.0,321.3,23842951,12170005170.25,270915
2022-02-14,515.0,515.6,499.7,529.6,500.25,501.4,508.66,549.0,321.3,26153332,13303247218.75,364555
2022-02-11,536.25,537.7,527.1,540.55,528.25,529.6,532.27,549.0,321.3,14607095,7774921814.25,177760
2022-02-10,537.1,543.95,534.4,535.25,540.3,540.55,540.35,549.0,321.3,18659370,10082567002.45,228387
2022-02-09,534.95,536.5,527.75,531.35,536.3,535.25,532.72,549.0,321.3,14856155,7914232904.95,191210
2022-02-08,535.5,537.65,519.0,533.25,530.4,531.35,528.4,549.0,321.3,26567546,14038348935.45,305464
2022-02-07,531.9,549.0,525.25,530.3,533.9,533.25,538.29,549.0,321.3,52289545,28146960844.85,564783
2022-02-04,542.15,546.4,527.3,540.1,529.45,530.3,535.9,546.4,282.75,25332894,13575988476.0,325989
2022-02-03,537.15,544.7,537.15,539.8,540.0,540.1,540.99,544.7,282.75,22717677,12290016550.35,323435
2022-02-02,536.65,544.25,531.35,532.3,539.65,539.8,536.94,544.25,282.75,21661864,11631191094.5,222610
2022-02-01,543.95,543.95,520.0,538.3,532.6,532.3,533.59,543.95,282.75,32245356,17205650890.2,330437
2022-01-31,529.0,540.9,527.05,523.45,537.95,538.3,535.63,542.3,282.75,28674232,15358865480.55,315416
2022-01-28,534.0,536.4,521.4,528.95,523.3,523.45,529.78,542.3,269.5,24715250,13093592191.65,310048
2022-01-27,503.55,530.85,503.2,514.65,529.0,528.95,520.47,542.3,269.5,35409230,18429506726.9,391838
2022-01-25,490.0,517.5,489.0,494.15,513.35,514.65,507.46,542.3,269.5,21791739,11058388452.7,290929
2022-01-24,502.4,506.8,488.0,502.7,493.7,494.15,497.31,542.3,269.5,20233933,10062560914.35,255220
2022-01-21,505.3,507.5,498.0,511.4,504.05,502.7,503.16,542.3,269.5,16947941,8527531247.25,215520
2022-01-20,516.0,519.15,508.0,515.8,511.0,511.4,513.81,542.3,269.5,17724642,9107052842.4,193420
2022-01-19,505.0,517.65,500.3,506.8,515.05,515.8,508.61,542.3,269.5,16079457,8178248303.4,190208
2022-01-18,514.0,517.45,505.0,514.0,507.4,506.8,512.7,542.3,269.5,12592506,6456195519.55,144399
2022-01-17,508.0,518.9,507.55,508.35,514.2,514.0,515.37,542.3,269.5,17422211,8978884449.1,230852
2022-01-14,509.0,510.35,505.15,511.35,507.75,508.35,507.82,542.3,269.5,8724574,4430518916.8,151240
2022-01-13,510.0,512.85,507.0,510.25,511.5,511.35,510.36,542.3,269.5,10450974,5333762558.5,160127
2022-01-12,509.9,513.5,508.5,505.95,509.95,510.25,511.05,542.3,269.5,14489616,7404903048.5,178769
2022-01-11,503.0,507.8,499.25,503.65,505.75,505.95,504.2,542.3,269.5,16107950,8121696006.4,214059
2022-01-10,493.35,504.95,492.5,491.25,504.75,503.65,499.62,542.3,269.5,15832274,7910180279.85,178755
2022-01-07,493.45,501.95,489.45,491.7,491.25,491.25,495.38,542.3,269.5,22746330,11268085856.65,254165
2022-01-06,487.7,494.4,485.4,492.4,491.35,491.7,490.44,542.3,269.5,18190843,8921514100.8,195393
2022-01-05,481.9,495.0,479.15,483.5,491.7,492.4,489.5,542.3,269.5,24694169,12087915535.95,240463
2022-01-04,472.5,484.7,471.05,470.8,483.75,483.5,479.89,542.3,269.5,23296671,11179852628.4,246431
2022-01-03,462.0,472.0,460.1,460.45,471.5,470.8,467.17,542.3,269.5,13124509,6131388321.75,168001
2021-12-31,454.25,461.4,453.1,451.7,460.2,460.45,459.07,542.3,268.0,10005842,4593371921.95,128788
2021-12-30,452.75,454.9,448.5,454.4,453.05,451.7,451.71,542.3,268.0,28879190,13045096929.05,198099
2021-12-29,461.0,462.15,451.4,461.2,453.2,454.4,457.66,542.3,268.0,11757303,5380869113.55,148597
2021-12-28,461.2,462.9,459.05,458.05,460.55,461.2,461.1,542.3,268.0,8832210,4072492143.05,111561
2021-12-27,453.7,460.5,450.55,456.95,459.4,458.05,456.62,542.3,268.0,8856482,4044023092.9,133445
2021-12-24,462.6,463.6,452.2,461.8,457.25,456.95,456.35,542.3,248.25,13221159,6033444238.0,139530
2021-12-23,461.0,465.0,457.75,455.85,460.7,461.8,461.46,542.3,248.25,14471377,6678004894.25,196406
2021-12-22,450.0,457.3,449.0,446.0,456.15,455.85,453.67,542.3,248.25,13102553,5944255120.25,170711
2021-12-21,457.05,458.25,444.5,449.2,447.3,446.0,452.06,542.3,248.25,16617447,7512089959.0,276029
2021-12-20,459.0,464.0,443.0,467.8,450.9,449.2,449.66,542.3,248.25,22336114,10043653287.2,401072
2021-12-17,480.05,481.4,466.5,481.15,468.3,467.8,471.1,542.3,248.25,12648603,5958794559.65,182619
2021-12-16,488.35,490.55,478.25,484.8,482.0,481.15,482.82,542.3,248.25,11107781,5363030502.9,138481
2021-12-15,490.0,491.0,483.5,488.55,484.35,484.8,487.35,542.3,248.25,8639835,4210628131.15,127451
2021-12-14,486.0,490.35,481.8,487.8,488.25,488.55,486.65,542.3,248.25,11642447,5665850327.65,152297
2021-12-13,497.75,500.45,486.35,494.7,488.5,487.8,493.46,542.3,248.25,14047645,6931947610.0,207621
2021-12-10,488.5,495.95,484.4,488.65,494.8,494.7,489.64,542.3,248.25,13261408,6493375283.0,148459
2021-12-09,492.3,493.5,486.1,491.55,487.8,488.65,489.02,542.3,248.25,12560970,6142560356.1,159836
2021-12-08,480.9,492.4,480.25,476.7,490.6,491.55,487.45,542.3,248.25,20397660,9942865186.3,237922
2021-12-07,469.2,479.7,469.2,465.3,476.85,476.7,475.06,542.3,248.25,13644942,6482189411.35,179255
2021-12-06,473.15,477.0,463.8,473.15,464.95,465.3,470.81,542.3,248.25,14353300,6757642219.95,187905
2021-12-03,475.75,481.5,470.05,477.0,471.95,473.15,475.9,542.3,244.1,16653993,7925628412.65,198060
2021-12-02,474.5,478.15,470.95,475.3,477.6,477.0,474.72,542.3,244.1,12962679,6153583482.7,189218
2021-12-01,464.45,477.25,464.0,460.55,475.9,475.3,470.57,542.3,244.1,17156956,8073474431.45,192988
2021-11-30,468.0,477.25,458.0,465.1,459.1,460.55,467.26,542.3,244.1,23026652,10759512051.1,283930
2021-11-29,470.0,477.75,454.3,470.5,466.2,465.1,467.79,542.3,244.1,22407465,10481942195.9,310952
2021-11-26,486.25,487.9,467.1,490.55,470.0,470.5,475.02,542.3,238.1,26305817,12495659021.25,379366
2021-11-25,490.0,495.45,486.3,493.15,492.0,490.55,491.77,542.3,238.1,12894211,6340926155.95,160207
2021-11-24,495.8,500.0,489.05,493.05,490.0,493.15,496.27,542.3,238.1,13963769,6929791180.6,194560
2021-11-23,485.25,495.4,480.0,486.4,492.8,493.05,490.18,542.3,238.1,20000371,9803758522.3,232054
2021-11-22,506.0,506.0,477.5,503.8,487.0,486.4,489.05,542.3,238.1,28800269,14084766587.35,383770
2021-11-18,499.1,506.2,492.3,498.15,503.35,503.8,500.73,542.3,231.0,22471070,11251912236.4,276780
2021-11-17,493.85,505.4,491.0,495.1,497.6,498.15,500.32,542.3,231.0,20488483,10250837191.3,275972
2021-11-16,507.4,507.4,493.5,506.55,494.25,495.1,499.96,542.3,231.0,19553216,9775879787.0,292914
2021-11-15,512.4,515.9,505.5,511.35,507.4,506.55,509.14,542.3,231.0,13328183,6785900980.1,186098
2021-11-12,512.0,513.0,502.7,509.6,510.95,511.35,509.0,542.3,217.05,19836221,10096685240.65,259734
2021-11-11,522.85,522.85,507.1,524.4,509.9,509.6,513.93,542.3,217.05,23086898,11864947886.35,404691
2021-11-10,525.55,528.5,521.5,529.15,523.7,524.4,524.92,542.3,217.05,15805538,8296660439.05,233636
2021-11-09,526.25,532.0,522.2,523.25,529.0,529.15,528.31,542.3,217.05,25451967,13446603285.85,263483
2021-11-08,534.45,534.45,516.45,530.45,523.6,523.25,524.29,542.3,217.05,36802110,19294923063.55,434185
2021-11-04,531.5,535.9,528.05,527.65,530.8,530.45,532.2,542.3,190.05,9796046,5213460589.8,154034
2021-11-03,524.0,542.3,515.2,521.7,530.9,527.65,529.74,542.3,190.05,80775924,42789906386.3,664904
2021-11-02,514.8,525.0,512.05,515.7,522.0,521.7,519.23,526.85,190.05,26797820,13914285754.45,292700
2021-11-01,508.5,516.95,501.0,502.15,515.3,515.7,509.46,526.85,190.05,20679604,10535440179.85,232409
2021-10-29,501.5,512.65,488.4,501.35,504.0,502.15,502.7,526.85,185.9,31355893,15762555971.95,374125
2021-10-28,519.6,520.55,497.6,519.15,503.7,501.35,508.7,526.85,185.9,28140401,14314957500.35,260970
2021-10-27,513.7,526.85,512.75,512.55,518.0,519.15,521.13,526.85,185.9,29463032,15353990567.3,301253
2021-10-26,507.6,518.2,507.6,506.5,512.75,512.55,513.42,518.2,185.9,21107457,10837079011.1,233424
2021-10-25,506.5,515.45,497.85,502.95,507.1,506.5,508.7,515.45,185.9,35619415,18119425930.15,383621
2021-10-22,504.6,508.7,500.0,502.95,502.5,502.95,504.16,508.7,185.9,24080485,12140356949.25,226890
2021-10-21,504.9,506.5,491.75,499.9,504.45,502.95,500.34,507.5,185.9,20808243,10411257991.5,237992
2021-10-20,488.8,507.5,483.1,488.2,501.2,499.9,499.79,507.5,185.9,34080545,17033273637.45,330756
2021-10-19,500.35,504.2,483.25,497.95,488.7,488.2,496.47,504.2,185.9,20645100,10249603940.75,222035
2021-10-18,494.0,501.0,491.7,490.6,496.95,497.95,496.52,501.0,185.9,20084248,9972248131.0,242361
